Name;ISIN;Symbol;Market;"Trading Currency";Open;High;Low;Last;"Last Date/Time";"Time Zone";Volume;Turnover
"AB INBEV";BE0974293251;ABI;"Euronext Brussels";EUR;87.11;87.72;86.66;87.04;27/09/19;CET;1024089;89115019.89
ABATTOIR;BE0946377455;-;"Euronext Expert Market";EUR;47.7;47.7;47.7;47.7;24/01/17;CET;500;23850
"ABO GROUP";BE0974278104;ABO;"Euronext Brussels";EUR;2.3;2.3;2.12;2.12;27/09/19;CET;1156;2564.66
"ACACIA PHARMA";GB00BYWF9Y76;ACPH;"Euronext Brussels";EUR;1.758;1.774;1.7;1.71;27/09/19;CET;162093;282988.704
ACCENTIS;BE0003696102;ACCB;"Euronext Brussels";EUR;0.045;0.045;0.045;0.045;27/09/19;CET;106619;4797.855
"ACKERMANS V.HAAREN";BE0003764785;ACKB;"Euronext Brussels";EUR;140.6;140.9;139.7;139.7;27/09/19;CET;42340;5923535.8
ACVLHO;BE0010012210;-;"Euronext Expert Market";EUR;4500.01;4500.01;4500.01;4500.01;07/07/15;CET;3;13500.03
ADVICENNE;FR0013296746;ADVIC;"Euronext Paris, Brussels";EUR;10.85;10.85;10.75;10.8;27/09/19;CET;325;3518.55
AEDIFICA;BE0003851681;AED;"Euronext Brussels";EUR;107.6;107.8;104.4;104.8;27/09/19;CET;41387;4363647.2
AGEAS;BE0974264930;AGS;"Euronext Brussels";EUR;51;51.14;50.66;51.02;27/09/19;CET;551902;28088620.36
"AGENCE MARIT MINNE";BE0024915838;-;"Euronext Expert Market";EUR;-;-;-;-;-;CET;-;-
AGFA-GEVAERT;BE0003755692;AGFB;"Euronext Brussels";EUR;3.702;3.798;3.696;3.798;27/09/19;CET;280975;1056947.744
"AHOLD DEL";NL0011794037;AD;"Euronext Amsterdam, Brussels";EUR;22.8;23.02;22.745;23.02;27/09/19;CET;2623431;60112755.035
ALIAXIS;BE0941243520;-;"Euronext Expert Market";EUR;17.9;17.9;17.9;17.9;24/09/19;CET;7533;134840.7
"ANS ROCOUR";BE0003243426;-;"Euronext Expert Market";EUR;89.3;89.3;89.3;89.3;21/02/17;CET;31;2768.3
"ANTARES CERT";BE0003676872;ANT;"Euronext Brussels";EUR;39.6;39.6;39.6;39.6;27/09/19;CET;10;396
APERAM;LU0569974404;APAM;"Euronext Amsterdam, Brussels, Paris";EUR;22.23;22.61;22.16;22.55;27/09/19;CET;191898;4305848.77
"ARCELOR MITT LUX";LU0006047129;-;"Euronext Expert Market";EUR;-;-;-;-;-;CET;-;-
"ARCELOR MITT RODA";LU0006067663;-;"Euronext Expert Market";EUR;1.08;1.08;1.08;1.08;21/05/19;CET;20;21.6
ARGENTEAU;BE0003244432;-;"Euronext Expert Market";EUR;16.78;16.78;16.78;16.78;06/12/16;CET;4;67.12
ARGENTEAU;BE0003245447;-;"Euronext Expert Market";EUR;19.8;19.8;19.8;19.8;15/09/15;CET;626;12394.8
"ARGENX SE";NL0010832176;ARGX;"Euronext Brussels";EUR;107;108.1;104.7;105.3;27/09/19;CET;101205;10702127.9
"ARKIMEDES FONDS";BE0945331669;-;"Euronext Expert Market";EUR;7;7;7;7;10/09/19;CET;20;140
ARMA;BE0051300847;-;"Euronext Expert Market";EUR;-;-;-;-;-;CET;-;-
ASCENCIO;BE0003856730;ASC;"Euronext Brussels";EUR;56.6;56.8;56.2;56.8;27/09/19;CET;3556;201422.8
ASIT;BE0974289218;ASIT;"Euronext Brussels, Paris";EUR;1.27;1.302;1.254;1.3;27/09/19;CET;52089;66956.588
ASSICURAZ.GEN.ORD.;IT0000062072;GEN;"Traded not listed Brussels";EUR;18.01;18.01;18.01;18.01;25/09/19;CET;3;54.03
ATENOR;BE0003837540;ATEB;"Euronext Brussels";EUR;74.2;74.6;74;74.2;27/09/19;CET;2152;160218.2
AUDIOVALLEY;BE0974334667;ALAVY;"Euronext Growth Paris, Brussels";EUR;4.38;4.4;4.38;4.4;27/09/19;CET;401;1760.88
AVANTIUM;NL0012047823;AVTX;"Euronext Amsterdam, Brussels";EUR;2.45;2.485;2.435;2.48;27/09/19;CET;2047;5048.705
"BALTA GROUP";BE0974314461;BALTA;"Euronext Brussels";EUR;2.33;2.36;2.33;2.35;27/09/19;CET;5573;13093.425
"BANCO BILBAO VIZC.";ES0113211835;BBV;"Traded not listed Brussels";EUR;4.664;4.664;4.664;4.664;10/09/19;CET;66;307.82
"BANCO SANTANDER";ES0113900J37;SANTA;"Traded not listed Brussels";EUR;3.5415;3.5415;3.5415;3.5415;25/09/19;CET;975;3452.96
"BANIMMO A";BE0003870871;BANI;"Euronext Brussels";EUR;3.46;3.46;3.45;3.46;27/09/19;CET;6921;23887.53
BARCO;BE0003790079;BAR;"Euronext Brussels";EUR;180;182.4;180;181.6;27/09/19;CET;11326;2058981.2
"BASILIX CERT";BE0003674851;BAS;"Euronext Brussels";EUR;14.75;14.75;14.75;14.75;18/09/19;CET;25;368.75
BCDC;CG000A0BKQF7;-;"Euronext Expert Market";EUR;54;54;54;54;16/07/19;CET;22;1188
"BEAULIEU-AV. CERT";BE0003661726;BEAB;"Euronext Brussels";EUR;69.5;69.5;69.5;69.5;26/09/19;CET;5;347.5
BEFIMMO;BE0003678894;BEFB;"Euronext Brussels";EUR;56.5;56.5;56.2;56.4;27/09/19;CET;10907;614550.7
BEKAERT;BE0974258874;BEKB;"Euronext Brussels";EUR;25.74;26.16;25.68;26.16;27/09/19;CET;66686;1736169.52
BELRECA;BE0020575115;BELR;"Euronext Brussels";EUR;109;109;109;109;11/09/19;CET;45;4905
BELUGA;BE0003723377;BELU;"Euronext Brussels";EUR;2.64;2.64;2.64;2.64;25/09/19;CET;700;1848
"BEM INVEST";BE0046318490;-;"Euronext Expert Market";EUR;14;14;14;14;21/02/17;CET;5;70
"BGL BNP PARIBAS";LU0097891112;-;"Euronext Expert Market";EUR;82.35;82.35;82.35;82.35;28/06/16;CET;20;1647
BHA;BE0032095854;-;"Euronext Expert Market";EUR;-;-;-;-;-;CET;-;-
BIL;LU0006040975;-;"Euronext Expert Market";EUR;386.1;386.1;386.1;386.1;04/04/17;CET;1;386.1
BIOCARTIS;BE0974281132;BCART;"Euronext Brussels";EUR;5.55;5.99;5.55;5.93;27/09/19;CET;508482;2946904.62
"BIP INV. PARTNERS";LU0110790085;-;"Euronext Expert Market";EUR;49;49;49;49;06/08/19;CET;100;4900
"BNP PARIBAS FORTIS";BE0172505399;-;"Euronext Expert Market";EUR;27;27;27;27;24/09/19;CET;85;2295
"BOEING COMPANY";US0970231058;BOEI;"Traded not listed Brussels";USD;379;379;379;379;29/07/19;CET;50;17042.89
"BOIS DU LUC";BE0156880313;-;"Euronext Expert Market";EUR;20.75;20.75;20.75;20.75;18/08/15;CET;410;8507.5
"BOIS DU LUC 10E";BE0156881329;-;"Euronext Expert Market";EUR;2.77;2.77;2.77;2.77;25/08/15;CET;3;8.31
"BONE THERAPEUTICS";BE0974280126;BOTHE;"Euronext Brussels, Paris";EUR;3.53;3.595;3.5;3.525;27/09/19;CET;26429;93438.685
BORSBEEK;BE0101626670;-;"Euronext Expert Market";EUR;106;106;106;106;10/07/18;CET;2;212
BOUFFIOULX-St-NICO;BE0014799556;-;"Euronext Expert Market";EUR;11.5;11.5;11.5;11.5;29/05/18;CET;1;11.5
BPOST;BE0974268972;BPOST;"Euronext Brussels";EUR;9.394;9.562;9.394;9.468;27/09/19;CET;102034;966650.276
"BQUE NAT. BELGIQUE";BE0003008019;BNB;"Euronext Brussels";EUR;2190;2220;2190;2200;27/09/19;CET;27;59320
BREDERODE;LU1068091351;BREB;"Euronext Brussels";EUR;70.4;70.4;69.2;69.8;27/09/19;CET;4856;338492.6
CAMPINE;BE0003825420;CAMB;"Euronext Brussels";EUR;29;29;29;29;27/09/19;CET;57;1653
"CANDELA INVEST";BE0974298300;CAND;"Euronext Growth Brussels";EUR;3.18;3.8;3.18;3.8;26/09/19;CET;2200;8050
"CARE PROPERTY INV.";BE0974273055;CPINV;"Euronext Brussels";EUR;27.8;27.8;27.3;27.3;27/09/19;CET;5219;144038.5
"CBRE H2O";NL0012237614;-;"Euronext Expert Market";EUR;-;-;-;-;-;CET;-;-
CELYAD;BE0974260896;CYAD;"Euronext Brussels, Paris";EUR;8.7;9.05;8.66;8.72;27/09/19;CET;25418;223535.5
CENERGY;BE0974303357;CENER;"Euronext Brussels";EUR;1.39;1.39;1.39;1.39;20/09/19;CET;100;139
CFE;BE0003883031;CFEB;"Euronext Brussels";EUR;85;85.5;84.9;85.1;27/09/19;CET;8480;723017.7
"CHARB BONNIER";BE0010381029;-;"Euronext Expert Market";EUR;71.74;71.74;71.74;71.74;08/09/15;CET;1;71.74
"CHARB. HASARD";BE0003256550;-;"Euronext Expert Market";EUR;13;13;13;13;22/01/19;CET;86;1118
CHEVRON;US1667641005;CHTEX;"Traded not listed Brussels";USD;118.04;118.04;118.04;118.04;28/08/19;CET;24;2556.13
CIBIX;BE0003706208;-;"Euronext Expert Market";EUR;-;-;-;-;-;CET;-;-
"CIE BOIS SAUVAGE";BE0003592038;COMB;"Euronext Brussels";EUR;372;372;370;371;27/09/19;CET;148;55013
"Cie HET ZOUTE";BE0027840017;-;"Euronext Expert Market";EUR;4100;4100;4100;4100;19/02/19;CET;2;8200
"CISCO SYSTEM INC";US17275R1023;CIS;"Traded not listed Brussels";USD;49.96;49.96;49.96;49.96;18/09/19;CET;1;45.31
CKV;BE0021556221;-;"Euronext Expert Market";EUR;51.47;51.47;51.47;51.47;13/10/15;CET;253;13021.91
CO.BR.HA;BE0003519270;COBH;"Euronext Growth Brussels";EUR;3860;3860;3860;3860;27/09/19;CET;1;3860
COFINIMMO;BE0003593044;COFB;"Euronext Brussels";EUR;130.6;130.8;128.8;129.2;27/09/19;CET;27146;3513814.4
COLRUYT;BE0974256852;COLR;"Euronext Brussels";EUR;50.32;50.46;49.74;50.32;27/09/19;CET;305522;15326635.55
"COMMERCIALE BELGE";BE0013068706;-;"Euronext Expert Market";EUR;680;680;680;680;09/07/19;CET;10;6800
"CONNECT GROUP";BE0003786036;CONN;"Euronext Brussels";EUR;1.58;1.58;1.58;1.58;24/09/19;CET;1620;2559.6
"CONTINENT. LAND CY";NL0000121622;-;"Euronext Expert Market";EUR;20.2;20.2;20.2;20.2;29/03/18;CET;1;20.2
CREDIMO;BE0015460372;-;"Euronext Expert Market";EUR;67;67;67;67;27/10/15;CET;3;201
"CREDIMO HOLDING";BE0162868054;-;"Euronext Expert Market";EUR;32.84;32.84;32.84;32.84;24/11/15;CET;4239;139208.76
CRESCENT;BE0003836534;OPTI;"Euronext Brussels";EUR;0.0351;0.0351;0.0331;0.034;27/09/19;CET;1334359;45689.2595
"CS BRUX";BE0010566900;-;"Euronext Expert Market";EUR;60.4;60.4;60.4;60.4;01/09/15;CET;272;16428.8
CURETIS;NL0011509294;CURE;"Euronext Amsterdam, Brussels";EUR;0.37;0.382;0.365;0.372;27/09/19;CET;260552;96381.861
D''IETEREN;BE0974259880;DIE;"Euronext Brussels";EUR;49.7;49.7;49.2;49.2;27/09/19;CET;46119;2277237.1
DECEUNINCK;BE0003789063;DECB;"Euronext Brussels";EUR;1.86;1.88;1.81;1.835;27/09/19;CET;52275;96120.51
"DEUTSCHE TELEKOM";DE0005557508;DTEL;"Traded not listed Brussels";EUR;15.45;15.45;15.296;15.306;27/09/19;CET;2506;38426.116
DEXIA;BE0974290224;DEXB;"Euronext Brussels";EUR;2.2;2.53;2.2;2.38;27/09/19;CET;13203;30276.6
"DIEGEM KENNEDYCERT";BE0003698124;DIEG;"Euronext Brussels";EUR;124;124;124;124;27/09/19;CET;168;20832
"DIERK. ANTWERP.";BE0036367895;-;"Euronext Expert Market";EUR;96.5;96.5;96.5;96.5;03/09/19;CET;2;193
"DIERKUNDE ANTW";BE0026342551;-;"Euronext Expert Market";EUR;248;248;248;248;17/09/19;CET;3;744
"DIEST 1969-3";BE0101625664;-;"Euronext Expert Market";EUR;73.55;73.55;73.55;73.55;21/06/16;CET;1;73.55
"DISTRI-LAND CERT";BE0003605160;DISL;"Euronext Brussels";EUR;172;172;172;172;18/09/19;CET;1;172
DROGENBOS;BE0101717610;-;"Euronext Expert Market";EUR;107.2;107.2;107.2;107.2;12/06/18;CET;1;107.2
"E.ON SE";DE000ENAG999;EON;"Traded not listed Brussels";EUR;8.889;8.889;8.889;8.889;27/09/19;CET;15;133.335
ECFC;BE0003783975;-;"Euronext Expert Market";EUR;5700;5700;5700;5700;30/04/19;CET;3;17100
"ECONOCOM GROUP";BE0974313455;ECONB;"Euronext Brussels";EUR;2.336;2.372;2.316;2.316;27/09/19;CET;194927;454454.276
ELIA;BE0003822393;ELI;"Euronext Brussels";EUR;75.2;75.5;73.1;73.3;27/09/19;CET;40152;2957293.6
"EMAKINA GROUP";BE0003843605;ALEMK;"Euronext Growth Brussels";EUR;9.3;9.3;9.3;9.3;24/09/19;CET;150;1395
"EMD MUSIC";BE0003849669;EMD;"Euronext Expert Market";EUR;1.3;1.3;1.3;1.3;24/07/18;CET;600;780
EMULATION;BE0024644065;-;"Euronext Expert Market";EUR;253.34;253.34;253.34;253.34;19/09/17;CET;5;1266.7
ENGIE;FR0010208488;ENGI;"Euronext Paris, Brussels";EUR;14.8;14.84;14.585;14.625;27/09/19;CET;5422765;79249722.17
ENI;IT0003132476;ENI;"Traded not listed Brussels";EUR;13.93;13.93;13.93;13.93;26/09/19;CET;2500;34825
ENVIPCO;NL0009901610;ENVI;"Euronext Amsterdam, Brussels";EUR;10.2;10.8;10.2;10.8;27/09/19;CET;2579;27454.2
ETEX;BE0941244536;-;"Euronext Expert Market";EUR;13.2;13.2;13.2;13.2;24/09/19;CET;19175;253110
"EUPEN FINANZ";BE0049483135;-;"Euronext Expert Market";EUR;151.1;151.1;151.1;151.1;28/07/15;CET;348;52582.8
EUROCOMMERCIAL;NL0000288876;ECMPA;"Euronext Amsterdam, Brussels";EUR;25;25.3;24.7;25.3;27/09/19;CET;75131;1888707.86
EURONAV;BE0003816338;EURN;"Euronext Brussels";EUR;8.35;8.44;8.215;8.4;27/09/19;CET;816769;6820039.64
EURONEXT;NL0006294274;ENX;"Euronext Paris, Amsterdam, Brussels";EUR;72.8;74.25;72.5;73.9;27/09/19;CET;157427;11600066.7
EUROPUBLIDIS;BE0003842599;ALPBS;"Euronext Growth Brussels";EUR;0.28;0.28;0.28;0.28;21/08/19;CET;252;70.56
EVADIX;BE0003840577;ALEVA;"Euronext Growth Brussels";EUR;0.1;0.1;0.1;0.1;13/09/19;CET;5000;500
"EVS BROADC.EQUIPM.";BE0003820371;EVS;"Euronext Brussels";EUR;21.85;22.05;21.85;22.05;27/09/19;CET;2745;60205.1
EXMAR;BE0003808251;EXM;"Euronext Brussels";EUR;5.31;5.58;5.31;5.57;27/09/19;CET;28425;155142.66
FAGRON;BE0003874915;FAGR;"Euronext Brussels, Amsterdam";EUR;16.22;16.24;15.97;16.06;27/09/19;CET;138020;2219173.82
"FALISOLLE GRIMBERG";BE0101624659;-;"Euronext Expert Market";EUR;125;125;125;125;22/05/18;CET;2;250
"FI BELGO-TUNISIENN";BE0011238830;-;"Euronext Expert Market";EUR;221.1;221.1;221.1;221.1;07/07/15;CET;323;71415.3
FIMMOBEL;BE0945246784;-;"Euronext Expert Market";EUR;450;450;450;450;04/12/18;CET;1;450
FINASUCRE;BE0012544319;-;"Euronext Expert Market";EUR;3650;3650;3650;3650;17/03/15;CET;10;36500
"FLEMALLE GRANDE";BE0105003496;-;"Euronext Expert Market";EUR;78;78;78;78;02/07/19;CET;6;468
FLERON-HASSELT;BE0101619600;-;"Euronext Expert Market";EUR;14.5;14.5;14.5;14.5;02/07/19;CET;4;58
"FLEXOS S.A.";BE0003885051;FLEX;"Euronext Access Brussels";EUR;1.99;1.99;1.99;1.99;17/06/19;CET;50;99.5
FLORIDIENNE;BE0003215143;FLOB;"Euronext Brussels";EUR;185;185;185;185;27/09/19;CET;102;18870
"FLUXYS BELGIUM D";BE0974265945;FLUX;"Euronext Brussels";EUR;28;28;27.8;27.8;27/09/19;CET;4742;132361.8
"FNG NV";BE0974332646;FNG;"Euronext Brussels, Amsterdam";EUR;15;15;14.6;14.6;27/09/19;CET;1563;23342.4
"FOOT LOCKER";US3448491049;FOOTL;"Traded not listed Brussels";USD;-;-;-;-;-;CET;-;-
FOUNTAIN;BE0003752665;FOU;"Euronext Brussels";EUR;1.11;1.18;1.11;1.18;26/09/19;CET;1079;1272.66
FOYER;NSCEX0000018;-;"Euronext Expert Market";EUR;64.01;64.01;64.01;64.01;08/03/16;CET;125;8001.25
GALAPAGOS;BE0003818359;GLPG;"Euronext Amsterdam, Brussels";EUR;143;143.5;140.4;141.9;27/09/19;CET;195404;27599205.5
GBL;BE0003797140;GBLB;"Euronext Brussels";EUR;87.9;87.98;87.58;87.8;27/09/19;CET;108238;9493341.94
"GEN BELGE ARGENTIN";BE6303070104;-;"Euronext Expert Market";EUR;27.82;27.82;27.82;27.82;10/07/18;CET;650;18083
"GENK LOGIST. CERT";BE0003740546;GENK;"Euronext Brussels";EUR;48;48;48;48;27/09/19;CET;4;192
GENKYOTEX;FR0013399474;GKTX;"Euronext Paris, Brussels";EUR;3.51;3.58;3.44;3.58;27/09/19;CET;12651;45082.09
GENT;BE0013603239;-;"Euronext Expert Market";EUR;10.5;10.5;10.5;10.5;10/09/19;CET;18;189
GENT-REET-MONTIGNI;BE0014914734;-;"Euronext Expert Market";EUR;52.55;52.55;52.55;52.55;22/05/18;CET;1;52.55
GIMV;BE0003699130;GIMB;"Euronext Brussels";EUR;55.3;55.6;55.1;55.3;27/09/19;CET;14698;813360.3
"GLOBAL GRAPHICS";GB00BYN5BY03;GLOG;"Euronext Brussels";EUR;3.6;3.61;3.55;3.6;27/09/19;CET;5544;19851.65
"GOSSON KESSALES";BE0011395465;-;"Euronext Expert Market";EUR;55.11;55.11;55.11;55.11;09/06/15;CET;1;55.11
GREENYARD;BE0003765790;GREEN;"Euronext Brussels";EUR;2.85;2.85;2.77;2.78;27/09/19;CET;24028;67047.84
"GROTTES DE HAN/s/L";BE0057677594;-;"Euronext Expert Market";EUR;122;122;122;122;21/11/17;CET;63;7686
"GROUPE JOSI";BE0011606630;-;"Euronext Expert Market";EUR;1432;1432;1432;1432;21/04/15;CET;91;130312
GROWNERS;BE0003861789;GROWN;"Euronext Access Brussels";EUR;2.12;2.12;2.12;2.12;16/08/19;CET;250;530
HAMON;BE0974352842;HAMO;"Euronext Brussels";EUR;2.2;2.2;2.2;2.2;27/09/19;CET;141;310.2
"HOME INVEST BE.";BE0003760742;HOMI;"Euronext Brussels";EUR;118.5;119;118;119;27/09/19;CET;795;94241.5
HUY-QUAI-BATTA;BE0101834811;-;"Euronext Expert Market";EUR;48;48;48;48;03/10/17;CET;3;144
IBA;BE0003766806;IBAB;"Euronext Brussels";EUR;16.02;16.1;15.85;15.85;27/09/19;CET;14553;232870.64
IBM;US4592001014;IBMA;"Traded not listed Brussels";USD;148;148;148;148;26/09/19;CET;2;270.62
"ICE CONCEPT";BE0003860773;ICE;"Euronext Expert Market";EUR;0.3;0.3;0.3;0.3;23/04/19;CET;433;129.9
"IEP INVEST";BE0003748622;IEP;"Euronext Brussels";EUR;7;7;7;7;27/09/19;CET;20;140
"IMBAKIN HOLDING";BE6264882406;-;"Euronext Expert Market";EUR;0.202;0.202;0.202;0.202;23/07/19;CET;3315;669.63
IMMAGRIFOR;BE0020932779;-;"Euronext Expert Market";EUR;396;396;396;396;04/08/15;CET;1550;613800
"IMMO FOND''ROY";BE0011253011;-;"Euronext Expert Market";EUR;150.02;150.02;150.02;150.02;19/03/19;CET;25;3750.5
"IMMO FOND''ROY -5e";BE0011254027;-;"Euronext Expert Market";EUR;25;25;25;25;31/07/18;CET;1;25
"IMMO MCC";BE0974287196;MCC;"Euronext Brussels";EUR;655.1;655.1;655.1;655.1;27/09/19;CET;2;1310.2
"IMMO MOURY";BE0003893139;IMMOU;"Euronext Brussels";EUR;51.5;51.5;51.5;51.5;27/09/19;CET;28;1442
IMMOBEL;BE0003599108;IMMO;"Euronext Brussels";EUR;67;67.2;66.4;66.8;27/09/19;CET;1533;102569.6
IMMOPOOL;BE0003866838;IMMOP;"Euronext Expert Market";EUR;0.01;0.01;0.01;0.01;22/12/17;CET;2000;20
INFRABEL;BE6265912038;-;"Euronext Expert Market";EUR;6.12;6.12;6.12;6.12;31/10/17;CET;136;832.32
"ING GROEP N.V.";NL0011821202;INGA;"Euronext Amsterdam, Brussels";EUR;9.46;9.607;9.42;9.579;27/09/19;CET;10699697;101912323.11
"INTEL CORP";US4581401001;INCO;"Traded not listed Brussels";USD;53;53;53;53;12/09/19;CET;5;241.72
"INTERVEST OFF-WARE";BE0003746600;INTO;"Euronext Brussels";EUR;26.05;26.15;25.95;26.15;27/09/19;CET;17233;449294.5
JENSEN-GROUP;BE0003858751;JEN;"Euronext Brussels";EUR;34.7;35;34.6;34.6;27/09/19;CET;1727;59861.1
"KABELWERK EUPEN";BE0049482129;-;"Euronext Expert Market";EUR;425;425;425;425;04/08/15;CET;22;9350
KBC;BE0003565737;KBC;"Euronext Brussels";EUR;58.64;59.7;58.48;58.98;27/09/19;CET;554974;32724614.34
"KBC ANCORA";BE0003867844;KBCA;"Euronext Brussels";EUR;40.96;41.16;40.62;40.66;27/09/19;CET;28518;1163933.96
"KBL EPB - ORD";LU0092281103;-;"Euronext Expert Market";EUR;35.62;35.62;35.62;35.62;10/03/15;CET;100;3562
"KBL EPB - PRIV";LU0092281442;-;"Euronext Expert Market";EUR;32.1;32.1;32.1;32.1;26/05/15;CET;100;3210
"KEYWARE TECH.";BE0003880979;KEYW;"Euronext Brussels";EUR;0.855;0.86;0.855;0.86;27/09/19;CET;19832;17023.67
KIADIS;NL0011323407;KDS;"Euronext Amsterdam, Brussels";EUR;5.1;5.22;5.1;5.2;27/09/19;CET;36295;187846.845
"KINEPOLIS GROUP";BE0974274061;KIN;"Euronext Brussels";EUR;56;56.4;55.5;56.1;27/09/19;CET;8328;466609.3
"KKO INT WARRANT A";FR0013381951;KKOWA;"Euronext Growth Paris, Brussels";EUR;0.0005;0.0005;0.0005;0.0005;12/08/19;CET;2666;1.33
"KKO INTERNATIONAL";FR0013374667;ALKKO;"Euronext Growth Paris, Brussels";EUR;0.0958;0.0976;0.095;0.095;27/09/19;CET;170605;16309.601
KLM;NL0000009645;-;"Euronext Expert Market";EUR;0.93;0.93;0.93;0.93;30/01/18;CET;19;17.67
LEASINVEST;BE0003770840;LEAS;"Euronext Brussels";EUR;119.5;121;119.5;121;27/09/19;CET;1987;239325
"LOTUS BAKERIES";BE0003604155;LOTB;"Euronext Brussels";EUR;2570;2570;2550;2570;27/09/19;CET;78;199940
"LUX-AIRPORT CERT";LU0092846210;LUXA;"Euronext Brussels";EUR;2.48;2.48;2.48;2.48;27/09/19;CET;25;62
"MARATHON OIL CORP";US5658491064;MROIL;"Traded not listed Brussels";USD;59;-;-;59;03/11/05;CET;-;-
MAURAGE;BE0011844108;-;"Euronext Expert Market";EUR;350;350;350;350;10/07/18;CET;63;22050
"MBZ (Gen-Jce)";BE0010342609;-;"Euronext Expert Market";EUR;124.5;124.5;124.5;124.5;01/09/15;CET;7;871.5
MDXHEALTH;BE0003844611;MDXH;"Euronext Brussels";EUR;0.939;0.97;0.894;0.944;27/09/19;CET;360925;337650.22
MECHELEN;BE0101614551;-;"Euronext Expert Market";EUR;35.4;35.4;35.4;35.4;02/07/19;CET;4;141.6
MELEXIS;BE0165385973;MELE;"Euronext Brussels";EUR;64.3;64.8;63.35;64.5;27/09/19;CET;49437;3166533.5
"MESSER BELGIUM";BE0003222214;-;"Euronext Expert Market";EUR;-;-;-;-;-;CET;-;-
"METALEN GALLER";BE0038785821;-;"Euronext Expert Market";EUR;400;400;400;400;20/10/15;CET;515;206000
"MICROSOFT CORP SPL";US5949181045;MSF;"Traded not listed Brussels";USD;142.7;142.7;142.7;142.7;27/09/19;CET;40;5708
"MICS PARTNERS";BE0010610377;-;"Euronext Expert Market";EUR;-;-;-;-;-;CET;-;-
MIKO;BE0003731453;MIKO;"Euronext Brussels";EUR;115;115;115;115;27/09/19;CET;270;31050
MITHRA;BE0974283153;MITRA;"Euronext Brussels";EUR;29.72;29.74;29.1;29.7;27/09/19;CET;51555;1522521.5
"MONTEA C.V.A.";BE0003853703;MONT;"Euronext Brussels, Paris";EUR;77.8;78.2;77.8;78.1;27/09/19;CET;6421;500976.5
MONTIGNIES-LE-TILL;BE0014762182;-;"Euronext Expert Market";EUR;35.65;35.65;35.65;35.65;05/12/17;CET;2;71.3
MOPOLI;NL0000488153;MOP;"Euronext Brussels";EUR;280;280;280;280;08/05/19;CET;180;50400
"MOPOLI FOND";NL0000488161;MOPF;"Euronext Brussels";EUR;8000;8000;8000;8000;25/01/19;CET;3;24000
"MOURY CONSTRUCT";BE0003602134;MOUR;"Euronext Brussels";EUR;158;158;158;158;27/09/19;CET;86;13588
"MUNCHENER RUCKVERS";DE0008430026;MEURV;"Traded not listed Brussels";EUR;235.5;235.5;235.5;235.5;27/09/19;CET;12;2826
NEUFCOUR-FIN.;BE0003680916;NEU;"Euronext Brussels";EUR;12.5;12.5;12.5;12.5;17/09/19;CET;200;2500
NEWTREE;BE0003832491;NEWT;"Euronext Access Brussels";EUR;0.85;0.85;0.85;0.85;25/09/19;CET;75;63.75
NMC;BE0035966762;-;"Euronext Expert Market";EUR;2250.6;2250.6;2250.6;2250.6;15/09/15;CET;18;40510.8
NYRSTAR;BE0974294267;NYR;"Euronext Brussels";EUR;0.19;0.1957;0.19;0.1903;24/06/19;CET;105758;20290.68
"OCCIDENTAL PETROL.";US6745991058;OCPET;"Traded not listed Brussels";USD;73;73;73;73;22/04/16;CET;37;2701
"OLD ENGLAND";BE0034169251;-;"Euronext Expert Market";EUR;130.01;130.01;130.01;130.01;01/12/15;CET;33;4290.33
"ONTEX GROUP";BE0974276082;ONTEX;"Euronext Brussels";EUR;15.7;15.97;15.33;15.95;27/09/19;CET;266143;4176494.1
OPPIDUM;BE0003704187;-;"Euronext Expert Market";EUR;-;-;-;-;-;CET;-;-
OPTIMCO;BE0942448938;-;"Euronext Expert Market";EUR;54.81;54.81;54.81;54.81;20/10/15;CET;33;1808.73
"ORANGE BELGIUM";BE0003735496;OBEL;"Euronext Brussels";EUR;18.98;18.98;18.82;18.84;27/09/19;CET;18072;341083.82
ORCOBSAAR1219;XS0290764728;ORCOW;"Euronext Brussels, Paris";EUR;0.11;0.11;0.11;0.11;13/01/16;CET;130;14.3
OXURION;BE0003846632;OXUR;"Euronext Brussels";EUR;2.65;2.7;2.6;2.6;27/09/19;CET;56760;149395.385
PANTECH;BE0157892739;-;"Euronext Expert Market";EUR;10;10;10;10;27/08/19;CET;45;450
"PAYTON PLANAR";IL0010830391;PAY;"Euronext Brussels";EUR;5.9;5.9;5.85;5.85;27/09/19;CET;1789;10541.3
"PB FINANCE";BE0003640514;-;"Euronext Expert Market";EUR;0.12;0.12;0.12;0.12;24/11/15;CET;39981;4797.72
PELTZER;BE0126745638;-;"Euronext Expert Market";EUR;-;-;-;-;-;CET;-;-
PEPSICO;US7134481081;PEP;"Traded not listed Brussels";USD;114.5;114.5;105;105;15/03/19;CET;150;14558.28
PICANOL;BE0003807246;PIC;"Euronext Brussels";EUR;61.4;61.8;61.2;61.4;27/09/19;CET;592;36356.2
PROSIEBENSAT;DE000PSM7770;PSMP;"Traded not listed Brussels";EUR;-;-;-;-;-;CET;-;-
PROXIMUS;BE0003810273;PROX;"Euronext Brussels";EUR;27.44;27.75;27.29;27.29;27/09/19;CET;617869;16895563.26
QRF;BE0974272040;QRF;"Euronext Brussels";EUR;15.65;15.95;15.65;15.95;27/09/19;CET;3118;49247.85
"QUESTFOR GR-PRICAF";BE0003730448;QFG;"Euronext Brussels";EUR;5.66;5.66;5.56;5.64;27/09/19;CET;14599;82373.58
REALCO;BE0003841583;REAL;"Euronext Access Brussels";EUR;18.4;18.4;18.4;18.4;23/09/19;CET;250;4600
RECTICEL;BE0003656676;REC;"Euronext Brussels";EUR;7.7;7.83;7.52;7.6;27/09/19;CET;65642;502016.33
REIBEL;BE0003829463;REI;"Euronext Access Brussels";EUR;0.5;0.5;0.5;0.5;01/08/19;CET;200;100
RESILUX;BE0003707214;RES;"Euronext Brussels";EUR;129.5;129.5;128.5;129;27/09/19;CET;851;109680.5
"RETAIL ESTATES";BE0003720340;RET;"Euronext Brussels, Amsterdam";EUR;85.9;86.1;85.7;86.1;27/09/19;CET;4525;389086.9
RODAMCO;NL0000288652;-;"Euronext Expert Market";EUR;7.4;7.4;7.4;7.4;27/01/15;CET;2;14.8
ROSIER;BE0003575835;ENGB;"Euronext Brussels";EUR;120;125;120;125;23/09/19;CET;40;4850
ROTON;BE0003660710;-;"Euronext Expert Market";EUR;0.63;0.63;0.63;0.63;04/12/18;CET;40;25.2
ROULARTA;BE0003741551;ROU;"Euronext Brussels";EUR;12.7;12.85;12.65;12.65;27/09/19;CET;138;1755.2
SABCA;BE0003654655;SAB;"Euronext Brussels";EUR;22;22;22;22;24/09/19;CET;25;550
"SAINT GOBAIN";FR0000125007;SGO;"Euronext Paris, Amsterdam, Brussels";EUR;34.555;35.285;34.505;35.235;27/09/19;CET;1750577;61411877.545
"SCHEERD.V KERCHOVE";BE0012378593;SCHD;"Euronext Brussels";EUR;400;400;400;400;17/09/19;CET;9;3600
SCR-SIBELCO;BE0944264663;-;"Euronext Expert Market";EUR;6400;6400;6400;6400;24/09/19;CET;19;121600
"SEQUANA MEDICAL";BE0974340722;SEQUA;"Euronext Brussels";EUR;6.6;7;6.6;7;27/09/19;CET;4803;32900.3
SETTLEMENTS;BE0974261902;STTL;"Euronext Growth Brussels";USD;13.52;13.52;13.52;13.52;24/03/17;CET;15000;202800
SHURGARD;LU1883301340;SHUR;"Euronext Brussels";EUR;29;29.65;29;29.35;27/09/19;CET;35532;1040210.85
SIEMENS;DE0007236101;SIA;"Traded not listed Brussels";EUR;96.24;98.14;96.24;97.12;27/09/19;CET;209;20305.11
SIMINANS;BE0016250517;-;"Euronext Expert Market";EUR;23.4;23.4;23.4;23.4;22/01/19;CET;3;70.2
SIOEN;BE0003743573;SIOE;"Euronext Brussels";EUR;21.9;22.1;21.7;21.8;27/09/19;CET;2684;58633.3
SIPEF;BE0003898187;SIP;"Euronext Brussels";EUR;42.25;43.05;42.2;42.5;27/09/19;CET;3587;152346.1
"SMARTPHOTO GROUP";BE0974323553;SMAR;"Euronext Brussels";EUR;14.25;14.25;14.1;14.1;27/09/19;CET;600;8482.5
"SNCB/NMBS -Jce/Gen";BE0010621481;-;"Euronext Expert Market";EUR;0.31;0.31;0.31;0.31;28/05/19;CET;1749;542.19
SOCLINPAR;QX0000022625;-;"Euronext Expert Market";EUR;21.78;21.78;21.78;21.78;29/11/16;CET;14;304.92
SOFINA;BE0003717312;SOF;"Euronext Brussels";EUR;201;203;199.6;201.5;27/09/19;CET;27710;5574071.3
SOFTIMAT;BE0003773877;SOFT;"Euronext Growth Brussels";EUR;3.7;3.8;3.7;3.8;27/09/19;CET;3658;13659.6
"SOLVAC NOM(RETAIL)";BE0003545531;SOLV;"Euronext Brussels";EUR;119.5;122;119.5;121.5;27/09/19;CET;743;89109.5
SOLVAY;BE0003470755;SOLB;"Euronext Brussels, Paris";EUR;93;94.98;93;94.62;27/09/19;CET;249222;23486834.72
"SOLVAY (CP 41)";BE0099887748;-;"Euronext Expert Market";EUR;48;48;48;48;30/05/17;CET;2;96
SPADEL;BE0003798155;SPA;"Euronext Brussels";EUR;200;200;200;200;27/09/19;CET;75;15000
"ST GOBAIN IMB";BE0003279784;-;"Euronext Expert Market";EUR;-;-;-;-;-;CET;-;-
"ST KRUIS (pen/nmp)";BE0944960831;-;"Euronext Expert Market";EUR;23.36;23.36;23.36;23.36;22/03/16;CET;18;420.48
"ST KRUIS BRUGGE";BE0101623644;-;"Euronext Expert Market";EUR;69.5;69.5;69.5;69.5;06/02/18;CET;4;278
ST-PIETERS-LEEUW;BE0014199377;-;"Euronext Expert Market";EUR;13.8;13.8;13.8;13.8;25/06/19;CET;4;55.2
"SUCRAF (ben/win)";BE0010026350;-;"Euronext Expert Market";EUR;10;10;10;10;17/07/18;CET;14;140
"SUCRAF A&B";BE0003463685;SUCR;"Euronext Brussels";EUR;2.02;2.02;2.02;2.02;18/09/19;CET;1000;2020
SUEZ;FR0010613471;SEV;"Euronext Paris, Brussels";EUR;14.37;14.39;14.19;14.325;27/09/19;CET;1480079;21163687.95
SURONGO;BE0003527356;-;"Euronext Expert Market";EUR;186;186;186;186;02/07/19;CET;1;186
"TELECOM ITALIA SPA";IT0003497168;TIT;"Traded not listed Brussels";EUR;0.489;0.489;0.489;0.489;25/09/19;CET;3000;1467
TELEFONICA;ES0178430E18;TFA;"Traded not listed Brussels";EUR;7.025;7.025;6.985;6.991;27/09/19;CET;390;2725.6
"TELENET GROUP";BE0003826436;TNET;"Euronext Brussels";EUR;43.22;43.68;43.06;43.26;27/09/19;CET;104199;4511003.02
"TER BEKE";BE0003573814;TERB;"Euronext Brussels";EUR;127;127;125;125;27/09/19;CET;154;19312
TESSENDERLO;BE0003555639;TESB;"Euronext Brussels";EUR;29.05;29.15;29;29;27/09/19;CET;9266;269122.9
TETRYS;BE0003886067;TET;"Euronext Expert Market";EUR;3;3;3;3;02/10/13;CET;435;1305
TEXAF;BE0974263924;TEXF;"Euronext Brussels";EUR;35.2;35.4;35;35;27/09/19;CET;1036;36400.2
TINC;BE0974282148;TINC;"Euronext Brussels";EUR;13.8;13.8;13.7;13.75;27/09/19;CET;15032;206903.35
TISCALI;IT0004513666;TISN;"Traded not listed Brussels";EUR;0.0178;0.0178;0.0095;0.0095;23/09/19;CET;62014;768.58
"TISSAGES BRUGGEMAN";BE0036061746;-;"Euronext Expert Market";EUR;39.07;39.07;39.07;39.07;29/09/15;CET;33;1289.31
"TITAN CEMENT";BE0974338700;TITC;"Euronext Brussels, Paris";EUR;18.96;19.02;18.96;19.02;27/09/19;CET;5614;106632.86
TOTAL;FR0000120271;FP;"Euronext Paris, Brussels";EUR;47.115;47.625;46.915;47.59;27/09/19;CET;8383407;397026865.76
"TPF CONTRACTING";BE0024981525;-;"Euronext Expert Market";EUR;89.1;89.1;89.1;89.1;05/06/18;CET;15;1336.5
"TUBIZE (ATTR)";BE0099967573;TUBAT;"Euronext Expert Market";EUR;0.41;0.41;0.41;0.41;12/06/18;CET;70;28.7
TUBIZE-FIN;BE0003823409;TUB;"Euronext Brussels";EUR;58;58.7;57.5;58.7;27/09/19;CET;3797;221085.5
"U&I LEARNING";BE0003847648;UNI;"Euronext Access Brussels";EUR;2.74;2.74;2.74;2.74;05/09/19;CET;1006;2756.44
"UCARE SERVICES BEL";BE0003838555;PNSB;"Euronext Access Brussels";EUR;1.02;1.02;1.02;1.02;10/07/19;CET;1600;1632
UCB;BE0003739530;UCB;"Euronext Brussels";EUR;66.2;66.74;65.3;66.74;27/09/19;CET;274378;18236004.8
UMICORE;BE0974320526;UMI;"Euronext Brussels";EUR;34.74;35.37;34.72;35.13;27/09/19;CET;667584;23450093.98
"UNION PAC CORP";US9078181081;UNPA;"Traded not listed Brussels";USD;104.55;104.55;104.55;104.55;22/12/16;CET;78;8154.9
UTEXBEL;BE0017609521;-;"Euronext Expert Market";EUR;91.05;91.05;91.05;91.05;20/10/15;CET;84;7648.2
"VAN DE VELDE";BE0003839561;VAN;"Euronext Brussels";EUR;23.5;23.8;23.45;23.7;27/09/19;CET;997;23530.85
"VASTNED RETAIL BEL";BE0003754687;VASTB;"Euronext Brussels";EUR;44.8;44.8;44.6;44.8;27/09/19;CET;507;22702.8
"VDK BANK";BE0022780820;-;"Euronext Expert Market";EUR;3900;3900;3900;3900;24/09/19;CET;2;7800
"VERIZON COMM.";US92343V1044;VERIZ;"Traded not listed Brussels";USD;34.91;34.91;34.91;34.91;05/03/12;CET;328;11450.48
VGP;BE0003878957;VGP;"Euronext Brussels";EUR;84.2;84.4;83.6;84;27/09/19;CET;1814;152660.6
VIOHALCO;BE0974271034;VIO;"Euronext Brussels";EUR;3.805;3.825;3.695;3.795;27/09/19;CET;6375;23809.065
VOLKSVERMOGEN;BE0947790037;-;"Euronext Expert Market";EUR;1200;1200;1200;1200;19/02/19;CET;10;12000
VOLKSWAGEN;DE0007664005;VWA;"Traded not listed Brussels";EUR;157.5;157.5;157.5;157.5;27/09/19;CET;10;1575
"VOLKSWAGEN PREF";DE0007664039;VWAP;"Traded not listed Brussels";EUR;140;140;140;140;14/08/19;CET;10;1400
VOORUITZICHT;BE0020918638;-;"Euronext Expert Market";EUR;1050;1050;1050;1050;24/11/15;CET;51;53550
VRANKEN-POMMERY;FR0000062796;VRAP;"Euronext Paris, Brussels";EUR;21.8;22;21.5;21.8;27/09/19;CET;715;15503.1
WAREHOUSES;BE0003734481;WEB;"Euronext Brussels";EUR;56;57.5;56;56;27/09/19;CET;745;42265
WDP;BE0003763779;WDP;"Euronext Brussels, Amsterdam";EUR;170.6;171.2;166.2;167.4;27/09/19;CET;39401;6598734.8
"WERELDHAVE BELGIUM";BE0003724383;WEHB;"Euronext Brussels";EUR;80;80;79.6;80;27/09/19;CET;2085;166744.6
"WEYVELD NOSSEGEM";BE0107958945;-;"Euronext Expert Market";EUR;4700.01;4700.01;4700.01;4700.01;28/03/17;CET;10;47000.1
"WOL. EXTENS. CERT";BE0003600112;WOLE;"Euronext Brussels";EUR;30.1;30.1;30.1;30.1;26/09/19;CET;10;301
"WOL. SHOPPING CERT";BE0003571792;WOLS;"Euronext Brussels";EUR;37.03;37.03;37.03;37.03;25/09/19;CET;10;370.3
XIOR;BE0974288202;XIOR;"Euronext Brussels";EUR;49.35;50.3;49.25;49.9;27/09/19;CET;9877;492607.2
ZENITEL;BE0974311434;ZENT;"Euronext Brussels";EUR;16;16;16;16;27/09/19;CET;419;6704
"ZENOBE GRAMME CERT";BE0003809267;ZEN;"Euronext Brussels";EUR;158;158;158;158;26/09/19;CET;3;474
